open,high,low,close,volume,vwap,timestamp,transactions,otc
503.42,503.51,503.42,503.5,746,503.4526,1714636800000,19,
503.62,503.62,503.62,503.62,412,503.6186,1714636920000,10,
503.57,503.58,503.56,503.58,833,503.5783,1714636980000,10,
503.57,503.65,503.57,503.65,672,503.6245,1714637100000,9,
503.69,503.69,503.65,503.65,447,503.6638,1714637160000,7,
503.71,503.75,503.71,503.75,740,503.7248,1714637220000,12,
503.75,504.01,503.75,503.95,5923,503.9458,1714637280000,32,
503.95,503.95,503.8,503.8,468,503.8675,1714637340000,8,
503.85,503.88,503.81,503.81,877,503.8388,1714637400000,6,
503.81,503.85,503.81,503.85,834,503.8244,1714637520000,4,
503.81,503.85,503.81,503.85,480,503.84,1714637580000,5,
503.86,503.9,503.86,503.9,1746,503.8629,1714637700000,12,
503.9,503.9,503.9,503.9,268,503.9052,1714637820000,4,
503.93,503.93,503.93,503.93,1189,503.929,1714637880000,6,
503.83,503.83,503.68,503.76,1148,503.7492,1714637940000,15,
503.89,503.89,503.68,503.8,1286,503.7665,1714638000000,6,
503.8,503.8,503.8,503.8,228,503.8014,1714638120000,6,
503.82,503.82,503.82,503.82,520,503.871,1714638180000,7,
503.89,503.89,503.89,503.89,187,503.8772,1714638240000,3,
503.8,503.81,503.78,503.78,543,503.8065,1714638300000,5,
503.78,503.78,503.78,503.78,322,503.7578,1714638480000,6,
503.62,503.66,503.62,503.66,420,503.668,1714638540000,7,
503.76,503.79,503.64,503.64,5531,503.7655,1714638660000,18,
503.73,503.73,503.73,503.73,574,503.7148,1714638720000,3,
503.64,503.64,503.64,503.64,401,503.6401,1714638780000,2,
503.66,503.66,503.61,503.61,528,503.6221,1714638840000,3,
503.49,503.58,503.49,503.58,500,503.5537,1714639020000,8,
503.59,503.59,503.59,503.59,126,503.5901,1714639380000,2,
503.5,503.5,503.49,503.49,317,503.495,1714639560000,5,
503.42,503.42,503.42,503.42,300,503.42,1714639620000,2,
503.4,503.46,503.4,503.46,1200,503.435,1714639680000,6,
503.46,503.46,503.46,503.46,311,503.4576,1714639980000,3,
503.26,503.26,503.2,503.2,305,503.2323,1714640280000,13,
503.15,503.15,503.15,503.15,173,503.1665,1714640460000,5,
503.18,503.18,503.18,503.18,201,503.1801,1714640520000,2,
503.26,503.26,503.26,503.26,107,503.2621,1714640820000,4,
503.43,503.43,503.43,503.43,103,503.428,1714641420000,2,
503.34,503.34,503.34,503.34,100,503.34,1714641960000,1,
503.58,503.58,503.58,503.58,120,503.57,1714642380000,2,
503.49,503.49,503.49,503.49,206,503.4897,1714642500000,2,
503.4,503.4,503.4,503.4,201,503.4004,1714642680000,2,
503.37,503.37,503.37,503.37,2001,503.37,1714642860000,8,
503.4,503.4,503.4,503.4,226,503.3718,1714643100000,10,
503.29,503.29,503.29,503.29,406,503.2896,1714643160000,4,
503.48,503.51,503.48,503.51,4020,503.4988,1714643400000,12,
503.62,503.62,503.62,503.62,149,503.6138,1714643580000,4,
503.62,503.62,503.62,503.62,100,503.62,1714643640000,1,
503.62,503.64,503.62,503.64,1124,503.6224,1714643700000,8,
503.64,503.65,503.64,503.64,626,503.642,1714643820000,4,
503.58,503.58,503.58,503.58,306,503.5808,1714643880000,5,
503.75,503.75,503.64,503.64,389,503.6728,1714644060000,5,
503.56,503.57,503.56,503.57,806,503.5667,1714644120000,9,
503.54,503.54,503.51,503.51,601,503.53,1714644300000,4,
503.63,503.63,503.63,503.63,146,503.6127,1714644360000,3,
503.63,503.76,503.62,503.76,3819,503.6574,1714644420000,14,
503.83,503.83,503.83,503.83,765,503.8249,1714644480000,7,
503.86,503.86,503.85,503.85,554,503.8585,1714644540000,8,
503.86,503.86,503.86,503.86,560,503.8654,1714644600000,3,
503.84,503.84,503.84,503.84,220,503.8455,1714644660000,2,
503.87,503.89,503.87,503.89,202,503.8797,1714644720000,4,
503.71,503.71,503.64,503.7,13599,503.6776,1714644780000,40,
503.69,503.69,503.69,503.69,162,503.6566,1714644840000,6,
503.5,503.5,503.5,503.5,12961,503.5001,1714644960000,70,
503.5,503.5,503.5,503.5,2377,503.5018,1714645020000,10,
503.51,503.51,503.51,503.51,466,503.5102,1714645080000,4,
503.61,503.61,503.44,503.5,1360,503.4705,1714645200000,11,
503.51,503.51,503.51,503.51,188,503.5077,1714645320000,4,
503.54,503.54,503.44,503.44,553,503.4742,1714645380000,8,
503.49,503.51,503.48,503.51,797,503.4982,1714645500000,9,
503.47,503.47,503.47,503.47,230,503.4713,1714645560000,3,
503.47,503.52,503.47,503.52,1632,503.495,1714645620000,9,
503.51,503.54,503.51,503.54,963,503.5288,1714645680000,7,
503.57,503.57,503.57,503.57,703,503.5698,1714645740000,5,
503.58,503.58,503.5,503.52,5167,503.502,1714645800000,39,
503.64,503.64,503.64,503.64,307,503.6397,1714645860000,3,
503.69,503.69,503.64,503.64,617,503.6621,1714645920000,9,
503.66,503.66,503.66,503.66,410,503.6609,1714645980000,3,
503.68,503.69,503.68,503.69,628,503.6878,1714646040000,8,
503.72,503.72,503.72,503.72,190,503.7105,1714646100000,5,
503.73,503.73,503.71,503.71,317,503.7244,1714646160000,6,
503.78,503.79,503.78,503.79,1406,503.7805,1714646220000,6,
503.81,503.82,503.72,503.72,2317,503.8101,1714646280000,16,
503.59,503.65,503.59,503.62,1322,503.6198,1714646340000,10,
503.62,503.66,503.62,503.66,534,503.645,1714646400000,6,
503.67,503.78,503.67,503.78,1147,503.7124,1714646460000,11,
503.83,503.83,503.76,503.76,505,503.8148,1714646520000,7,
503.78,503.83,503.78,503.83,554,503.8087,1714646580000,5,
503.85,503.91,503.85,503.91,501,503.8724,1714646700000,11,
503.92,503.93,503.92,503.93,7657,503.9296,1714646760000,20,
503.93,504.01,503.93,503.99,10221,503.985,1714646820000,45,
504.03,504.03,504,504,220,504.0179,1714646880000,8,
504.02,504.02,504.02,504.02,751,504.009,1714646940000,12,
504.03,504.04,504.03,504.04,326,504.0249,1714647000000,5,
504.05,504.05,504.04,504.04,762,504.0455,1714647060000,5,
504.09,504.09,504.09,504.09,510,504.0892,1714647120000,5,
504.04,504.04,504.04,504.04,167,504.0365,1714647180000,4,
503.95,503.95,503.95,503.95,500,503.96,1714647360000,4,
503.96,503.96,503.92,503.92,6150,503.9593,1714647420000,15,
503.92,503.92,503.92,503.92,404,503.9203,1714647480000,5,
503.92,504.06,503.92,504.06,4222,503.9708,1714647600000,56,
504.06,504.1,504.05,504.05,3087,504.0833,1714647660000,24,
504.07,504.11,504.04,504.04,3286,504.0902,1714647720000,21,
504.01,504.01,503.33,503.86,85269,503.7695,1714647780000,368,
503.89,503.9,503.89,503.9,368,503.9047,1714647840000,7,
503.95,504.01,503.95,504.01,2649,503.9894,1714647900000,12,
504.07,504.07,504.06,504.06,1006,504.0658,1714647960000,9,
504.04,504.04,504.04,504.04,590,504.038,1714648020000,7,
504.02,504.18,504.02,504.16,5332,504.1191,1714648080000,33,
504.11,504.13,504.11,504.13,851,504.126,1714648140000,12,
504.161,504.32,504.161,504.28,3651,504.241,1714648200000,38,
504.29,504.32,504.29,504.32,729,504.3009,1714648260000,13,
504.23,504.28,504.23,504.28,3457,504.2509,1714648320000,18,
504.27,504.29,504.27,504.28,2482,504.2806,1714648380000,16,
504.25,504.27,504.25,504.27,561,504.2564,1714648440000,9,
504.18,504.18,504.18,504.18,146,504.174,1714648500000,6,
504.13,504.14,504.1,504.1,2047,504.1269,1714648560000,13,
504.1,504.16,504.09,504.09,1592,504.0961,1714648620000,13,
504.15,504.16,504.13,504.13,1220,504.1342,1714648680000,10,
504.13,504.13,504.09,504.09,877,504.113,1714648740000,11,
504.12,504.17,504.12,504.14,2358,504.1472,1714648800000,14,
504.1,504.11,504.05,504.05,6352,504.0925,1714648860000,35,
504.09,504.09,504.09,504.09,300,504.09,1714648920000,2,
504.06,504.08,504.05,504.08,3500,504.0746,1714648980000,21,
504.05,504.05,504,504,1213,504.0219,1714649040000,16,
503.98,503.98,503.9,503.92,1200,503.9483,1714649100000,20,
503.92,503.96,503.9,503.93,7302,503.9204,1714649160000,43,
503.93,503.93,503.93,503.93,408,503.9287,1714649280000,4,
503.92,504.06,503.91,504.06,1121,503.9663,1714649340000,11,
503.9,503.9,503.82,503.82,12460,503.8618,1714649400000,54,
503.8,503.81,503.7,503.7,6021,503.723,1714649460000,51,
503.7,503.72,503.64,503.64,4337,503.6962,1714649520000,28,
503.7,503.73,503.7,503.73,1458,503.7152,1714649640000,14,
503.78,503.79,503.78,503.78,634,503.7871,1714649700000,8,
503.76,503.76,503.76,503.76,136,503.7576,1714649760000,3,
503.7,503.7,503.7,503.7,109,503.7019,1714649820000,4,
503.68,503.68,503.65,503.65,3253,503.6751,1714649880000,29,
503.58,503.61,503.55,503.6,5097,503.5896,1714649940000,41,
503.58,503.6,503.58,503.6,1088,503.5815,1714650000000,13,
503.72,503.72,503.64,503.64,1347,503.6948,1714650120000,17,
503.61,503.61,503.61,503.61,150,503.6152,1714650180000,6,
503.61,503.781,503.61,503.76,4323,503.7258,1714650240000,18,
503.74,503.74,503.74,503.74,638,503.7392,1714650300000,9,
503.7,503.7,503.7,503.7,574,503.7,1714650360000,5,
503.62,503.62,503.62,503.62,10008,503.62,1714650480000,37,
503.61,503.61,503.61,503.61,1256,503.6097,1714650600000,8,
503.67,503.68,503.66,503.68,3204,503.6717,1714650660000,17,
503.67,503.67,503.67,503.67,563,503.6814,1714650720000,8,
503.73,503.73,503.73,503.73,810,503.7298,1714650840000,4,
503.52,503.54,503.52,503.54,3392,503.5257,1714650900000,25,
503.52,503.52,503.44,503.44,4243,503.4623,1714650960000,35,
503.59,503.61,503.59,503.61,2670,503.5961,1714651020000,16,
503.56,503.59,503.55,503.59,3322,503.557,1714651140000,11,
503.58,504.32,503.46,503.59,33081,503.9143,1714651200000,494,
502.9,503.74,502.9,503.74,1962,503.4113,1714651260000,219,
503.71,503.76,503.02,503.61,7206,503.4328,1714651320000,222,
503.61,503.63,502.84,503.63,3194,503.4691,1714651380000,101,
503.65,503.65,503.02,503.58,3723,503.5225,1714651440000,51,
503.55,503.63,503.55,503.63,799,503.5841,1714651500000,26,
503.56,503.77,503.56,503.77,2624,503.6232,1714651560000,31,
503.74,503.9,503.74,503.86,3233,503.817,1714651620000,49,
503.76,503.81,503.76,503.81,480,503.783,1714651680000,14,
503.85,503.9,503.84,503.9,6098,503.8613,1714651740000,42,
503.91,504,503.91,504,4446,503.9581,1714651800000,58,
503.99,504.1,503.96,504.1,14748,503.993,1714651860000,63,
504.15,504.16,504.1,504.1404,2928,504.1393,1714651920000,45,
504.14,504.19,504.14,504.17,14479,504.1682,1714651980000,88,
504.17,504.17,504.07,504.07,4993,504.1472,1714652040000,37,
504.04,504.08,503.98,503.98,3263,504.0682,1714652100000,34,
503.97,503.97,503.97,503.97,753,503.9723,1714652220000,26,
503.9498,503.9498,503.89,503.9,1428,503.9084,1714652280000,34,
503.85,503.85,503.8,503.8,5940,503.8466,1714652340000,51,
503.78,503.91,503.78,503.91,3769,503.8671,1714652400000,32,
503.87,503.87,503.8,503.8,611,503.8423,1714652460000,27,
503.75,503.75,503.72,503.75,1408,503.7456,1714652520000,34,
503.75,503.84,503.71,503.84,1265,503.779,1714652580000,26,
503.75,503.81,503.75,503.78,950,503.7835,1714652640000,28,
503.8,503.85,503.79,503.84,9166,503.8167,1714652700000,44,
503.82,503.91,503.82,503.87,19897,503.8666,1714652760000,75,
503.88,503.88,503.87,503.87,870,503.8735,1714652820000,26,
503.83,503.83,503.73,503.73,15137,503.7649,1714652880000,59,
503.75,503.79,503.74,503.74,3070,503.7731,1714652940000,34,
503.73,503.76,503.23,503.57,59010,503.5728,1714653000000,240,
503.58,503.76,503.44,503.44,11837,503.5478,1714653060000,72,
503.45,504,503.365,503.92,12244,503.7112,1714653120000,119,
503.76,503.99,503.76,503.89,10967,503.904,1714653180000,79,
503.9,503.9,503.79,503.86,4682,503.8504,1714653240000,34,
503.87,503.93,503.79,503.92,2915,503.8786,1714653300000,39,
503.91,504.28,503.84,504.28,13146,504.0256,1714653360000,122,
504.19,504.4,504.13,504.17,4688,504.2768,1714653420000,75,
504.09,504.09,504,504.05,4977,504.0547,1714653480000,44,
504.09,504.16,504.09,504.14,7077,504.137,1714653540000,39,
504.12,504.36,504.05,504.36,11681,504.2505,1714653600000,82,
504.36,504.36,504.28,504.34,4970,504.3213,1714653660000,47,
504.41,504.72,504.4,504.69,34341,504.5396,1714653720000,258,
504.65,504.6929,504.54,504.56,11146,504.6091,1714653780000,89,
504.56,504.67,504.56,504.67,10174,504.6132,1714653840000,92,
504.66,504.8,504.61,504.64,15432,504.6802,1714653900000,118,
504.64,504.69,504.53,504.56,5404,504.6116,1714653960000,64,
504.57,504.59,504.45,504.46,7484,504.4797,1714654020000,64,
504.48,504.52,504.35,504.38,6414,504.4125,1714654080000,66,
504.41,504.5,504.41,504.5,6579,504.4422,1714654140000,50,
504.48,504.48,504.43,504.47,3634,504.4684,1714654200000,39,
504.4604,504.4604,504.35,504.38,7746,504.4259,1714654260000,71,
504.31,504.32,504.25,504.25,2859,504.2808,1714654320000,47,
504.25,504.3,504.24,504.24,2016,504.263,1714654380000,33,
504.29,504.29,504.04,504.07,7675,504.1363,1714654440000,86,
504.06,504.07,504,504.01,7684,504.0218,1714654500000,55,
503.97,504.03,503.97,504,2093,503.9868,1714654560000,32,
503.99,504.02,503.93,503.93,3415,503.9891,1714654620000,43,
503.97,503.99,503.82,503.83,2326,503.9073,1714654680000,50,
503.83,503.83,503.75,503.78,5249,503.7824,1714654740000,69,
503.85,503.91,503.78,503.78,10234,503.8551,1714654800000,81,
503.76,503.84,503.74,503.74,7912,503.7983,1714654860000,76,
503.76,503.87,503.71,503.86,6830,503.788,1714654920000,84,
503.94,504,503.86,503.86,10364,503.9436,1714654980000,86,
503.85,503.96,503.84,503.88,7736,503.891,1714655040000,76,
503.81,503.87,503.8,503.87,5311,503.8291,1714655100000,48,
503.82,503.82,503.71,503.71,2991,503.7806,1714655160000,44,
503.71,503.73,503.63,503.73,15675,503.7085,1714655220000,119,
503.74,503.74,503.57,503.57,5721,503.6224,1714655280000,65,
503.54,503.69,503.47,503.69,7565,503.5459,1714655340000,69,
503.69,503.75,503.65,503.65,5937,503.7119,1714655400000,79,
503.71,503.71,503.57,503.58,2196,503.6567,1714655460000,38,
503.5,503.56,503.5,503.56,3352,503.518,1714655520000,36,
503.55,503.66,503.54,503.62,4412,503.6118,1714655580000,42,
503.72,503.74,503.59,503.59,7531,503.6528,1714655640000,54,
503.64,503.69,503.6,503.69,9753,503.6478,1714655700000,53,
503.7,503.72,503.54,503.56,5179,503.5993,1714655760000,52,
503.58,503.64,503.54,503.59,6275,503.5663,1714655820000,41,
503.54,503.65,503.54,503.63,7393,503.6164,1714655880000,52,
503.65,503.7,503.63,503.64,4704,503.6746,1714655940000,46,
503.65,503.68,503.63,503.65,6913,503.6547,1714656000000,48,
503.65,503.73,503.65,503.73,11295,503.6772,1714656060000,64,
503.67,503.75,503.67,503.75,7087,503.7098,1714656120000,59,
503.78,503.84,503.78,503.84,15960,503.8141,1714656180000,79,
503.86,503.88,503.8,503.85,28301,503.852,1714656240000,147,
503.85,503.96,503.82,503.96,52193,503.8849,1714656300000,257,
503.96,504.03,503.94,504.03,17364,503.9755,1714656360000,133,
504,504.04,503.96,503.97,13362,503.9939,1714656420000,75,
503.99,504.02,503.93,504.02,8272,503.9818,1714656480000,57,
503.99,504.2,503.95,504.11,34825,504.1425,1714656540000,161,
504.15,504.68,503.98,504.14,911443,504.3247,1714656600000,7834,
504.13,504.21,503.66,503.76,358846,503.8996,1714656660000,3385,
503.765,503.91,503.67,503.83,173664,503.7921,1714656720000,1963,
503.85,503.98,503.5389,503.54,240010,503.8277,1714656780000,2442,
503.56,503.62,503.09,503.09,355211,503.3527,1714656840000,3341,
503.11,503.11,502.76,502.84,289327,502.9878,1714656900000,2861,
502.86,502.96,502.43,502.55,312474,502.6328,1714656960000,3056,
502.55,502.76,502.45,502.55,241463,502.6403,1714657020000,2430,
502.54,502.94,502.525,502.89,302798,502.7487,1714657080000,2723,
502.89,502.92,502.49,502.6,192084,502.6629,1714657140000,2022,
502.61,502.705,502.34,502.485,282709,502.5143,1714657200000,2792,
502.495,502.78,502.41,502.77,172955,502.613,1714657260000,1718,
502.78,502.901,502.59,502.8,296511,502.7808,1714657320000,2503,
502.8,502.845,502.5001,502.505,124601,502.6906,1714657380000,1434,
502.51,502.56,502.38,502.47,159714,502.4799,1714657440000,1628,
502.5,502.69,502.44,502.59,179738,502.5533,1714657500000,2107,
502.6,502.69,502.32,502.38,209097,502.5243,1714657560000,1854,
502.37,502.3804,502.07,502.16,170748,502.2355,1714657620000,2006,
502.16,502.29,501.73,501.82,247783,501.9791,1714657680000,2433,
501.8,501.9,501.68,501.7,132477,501.774,1714657740000,1494,
501.7,501.97,501.6604,501.8899,140849,501.8278,1714657800000,1480,
501.885,502.28,501.885,502.16,258519,502.1496,1714657860000,1923,
502.15,502.215,502,502.0101,157403,502.1045,1714657920000,1388,
501.99,502.0205,501.7108,501.98,148523,501.8515,1714657980000,1257,
501.99,502.1699,501.96,502.13,124779,502.0582,1714658040000,1150,
502.16,502.24,502.08,502.17,124817,502.1374,1714658100000,1134,
502.15,502.32,502.065,502.31,118427,502.158,1714658160000,1148,
502.3196,502.35,502.2301,502.29,139736,502.308,1714658220000,1339,
502.29,502.29,502.09,502.09,114904,502.201,1714658280000,1058,
502.07,502.1502,501.91,501.99,112950,502.0315,1714658340000,1104,
501.98,502.02,501.71,501.8,264585,501.828,1714658400000,2432,
501.775,501.8,500.86,500.96,312291,501.2701,1714658460000,3368,
500.9259,500.9799,500.65,500.69,261231,500.8326,1714658520000,2400,
500.6799,501.34,500.6603,501.34,233536,500.991,1714658580000,2167,
501.2967,501.4188,501.14,501.2912,188195,501.2915,1714658640000,1845,
501.3,501.48,501.0057,501.07,113970,501.2838,1714658700000,1253,
501.07,501.09,500.7,500.83,120244,500.8513,1714658760000,1433,
500.82,500.92,500.66,500.785,131707,500.7954,1714658820000,1508,
500.79,500.895,500.37,500.43,243225,500.5956,1714658880000,2297,
500.43,500.46,499.55,499.7688,553595,499.8494,1714658940000,5830,
499.78,500.25,499.73,500.17,251759,500.0202,1714659000000,3736,
500.18,500.66,500.12,500.57,326211,500.4393,1714659060000,4294,
500.56,500.56,500.3518,500.55,142670,500.4733,1714659120000,2713,
500.545,500.81,500.54,500.655,151720,500.6896,1714659180000,3023,
500.6588,501.02,500.64,500.8,212233,500.8723,1714659240000,2986,
500.8,501.29,500.73,501.26,201716,501.0782,1714659300000,3379,
501.25,501.26,500.88,500.8901,167716,501.0501,1714659360000,2807,
500.9,501.06,500.75,500.97,110596,500.8962,1714659420000,2324,
500.98,501.3,500.82,501.24,101890,501.0793,1714659480000,2274,
501.235,501.29,500.99,501.025,138464,501.1213,1714659540000,2544,
501.05,501.18,500.79,500.92,116595,500.9673,1714659600000,2513,
500.92,501.05,500.74,500.85,134729,500.8528,1714659660000,2642,
500.86,501.1,500.795,501.07,151166,500.9735,1714659720000,2796,
501.0701,501.73,501.01,501.66,269948,501.4922,1714659780000,3760,
501.685,502.01,501.64,502,236533,501.889,1714659840000,2254,
502,502.2099,501.94,502.04,210489,502.0817,1714659900000,1953,
502.04,502.2,501.79,501.8612,158113,502.0169,1714659960000,1672,
501.87,502.0599,501.87,501.985,103714,501.9659,1714660020000,1044,
501.9801,502.1,501.755,501.975,144215,501.933,1714660080000,1566,
501.99,502.1699,501.89,502.02,149073,502.0076,1714660140000,1791,
502.02,502.115,501.92,502.04,96556,502.0191,1714660200000,1133,
502.01,502.28,501.9,502.15,116921,502.1087,1714660260000,1307,
502.12,502.54,502.12,502.28,188759,502.3413,1714660320000,1747,
502.27,502.49,502.25,502.34,127671,502.3769,1714660380000,992,
502.3599,502.41,502.2501,502.38,94949,502.3437,1714660440000,801,
502.39,502.39,501.945,502.02,253106,502.1343,1714660500000,1926,
502.01,502.09,501.73,501.89,183104,501.8915,1714660560000,1515,
501.89,502.15,501.835,501.95,108804,501.9677,1714660620000,1056,
501.96,502.12,501.8801,501.925,71346,501.9891,1714660680000,769,
501.88,501.92,501.57,501.86,215755,501.7426,1714660740000,1848,
501.86,502.04,501.65,501.675,134759,501.8305,1714660800000,1210,
501.68,501.78,501.36,501.37,190526,501.5802,1714660860000,1736,
501.36,501.41,500.79,500.95,257351,501.11,1714660920000,2327,
500.968,501.13,500.6684,501.03,176953,500.8891,1714660980000,1713,
501.02,501.06,500.85,501.04,93368,500.947,1714661040000,1108,
501.03,501.06,500.78,500.9,82378,500.8933,1714661100000,973,
500.9,501.17,500.6,501.1501,147424,500.8797,1714661160000,1503,
501.16,501.67,501.11,501.515,173805,501.4102,1714661220000,1749,
501.51,501.7,501.45,501.47,86643,501.5787,1714661280000,960,
501.49,501.96,501.49,501.85,111453,501.7541,1714661340000,1180,
501.82,501.82,501.4806,501.62,119798,501.6378,1714661400000,1084,
501.62,501.7801,501.55,501.62,99082,501.6301,1714661460000,1052,
501.65,501.8,501.52,501.69,81870,501.6874,1714661520000,875,
501.7,501.83,501.57,501.76,59225,501.7184,1714661580000,736,
501.75,501.77,501.52,501.66,90149,501.6374,1714661640000,1037,
501.7,501.8299,501.65,501.76,53780,501.7292,1714661700000,666,
501.73,502.11,501.7,502.105,71329,501.8935,1714661760000,888,
502.1,502.1,501.9,502.02,111721,501.9795,1714661820000,813,
502.015,502.42,501.98,502.35,159727,502.2262,1714661880000,1303,
502.36,502.64,502.29,502.44,166317,502.4971,1714661940000,1596,
502.45,502.49,502.25,502.34,121628,502.3824,1714662000000,1167,
502.34,502.52,502.14,502.15,165271,502.2964,1714662060000,1278,
502.16,502.65,502.16,502.57,92431,502.3771,1714662120000,941,
502.55,502.55,502.37,502.51,82728,502.4739,1714662180000,795,
502.52,502.545,502.34,502.5169,87480,502.4741,1714662240000,795,
502.5,502.52,502.27,502.41,99602,502.3903,1714662300000,769,
502.41,502.5587,502.35,502.531,92807,502.4608,1714662360000,717,
502.53,502.87,502.43,502.78,151335,502.6853,1714662420000,1426,
502.77,503.12,502.7201,503,257269,502.9756,1714662480000,2238,
503,503.12,502.93,503.05,118439,503.0215,1714662540000,1288,
503.05,503.12,502.97,503.01,69221,503.0704,1714662600000,799,
502.99,503.0401,502.89,502.9501,98053,502.9653,1714662660000,877,
502.94,502.95,502.815,502.895,106034,502.8838,1714662720000,1033,
502.9,502.9501,502.81,502.93,92515,502.8712,1714662780000,984,
502.925,503,502.86,502.97,60634,502.9379,1714662840000,757,
502.98,502.99,502.79,502.91,109132,502.9085,1714662900000,1003,
502.9275,503.06,502.885,502.9195,96729,502.9814,1714662960000,898,
502.92,502.99,502.835,502.845,35354,502.9084,1714663020000,465,
502.84,502.94,502.825,502.91,56598,502.8719,1714663080000,605,
502.9,502.92,502.725,502.76,82812,502.8049,1714663140000,823,
502.7701,502.9499,502.75,502.79,86806,502.8292,1714663200000,767,
502.79,502.935,502.79,502.83,55156,502.8556,1714663260000,683,
502.84,502.84,502.6201,502.7403,107988,502.7293,1714663320000,1064,
502.7402,502.81,502.54,502.54,93574,502.6202,1714663380000,1114,
502.54,502.75,502.5,502.6899,70855,502.6634,1714663440000,841,
502.69,502.75,502.64,502.66,71982,502.6986,1714663500000,820,
502.67,502.71,502.47,502.47,73414,502.5949,1714663560000,755,
502.48,502.49,502.05,502.1779,181073,502.2202,1714663620000,1919,
502.18,502.24,501.99,502.18,113056,502.1012,1714663680000,1295,
502.18,502.27,502.03,502.13,76528,502.159,1714663740000,889,
502.13,502.3078,502.03,502.1,109897,502.144,1714663800000,1200,
502.095,502.1001,501.74,501.82,164132,501.8764,1714663860000,1430,
501.8,501.8199,501.38,501.665,191614,501.6008,1714663920000,1709,
501.66,502.16,501.64,502.05,138234,501.965,1714663980000,1350,
502.055,502.07,501.75,501.8301,89735,501.8659,1714664040000,930,
501.83,501.93,501.7601,501.765,66955,501.8383,1714664100000,740,
501.76,502.05,501.73,501.97,69269,501.8633,1714664160000,813,
501.96,502.05,501.79,501.87,67073,501.8878,1714664220000,764,
501.85,502.05,501.725,502,81786,501.8549,1714664280000,783,
502,502,501.74,501.88,84369,501.8386,1714664340000,852,
501.87,502.12,501.83,501.94,84235,502.022,1714664400000,938,
501.9401,502.29,501.9401,502.19,83300,502.1569,1714664460000,897,
502.1901,502.36,502.15,502.24,86735,502.2394,1714664520000,890,
502.26,502.435,502.2036,502.25,72547,502.2916,1714664580000,902,
502.25,502.3,502.08,502.265,79705,502.1852,1714664640000,703,
502.27,502.34,502.08,502.31,55549,502.2027,1714664700000,666,
502.32,502.35,502.18,502.18,68875,502.2533,1714664760000,589,
502.17,502.37,502.15,502.35,58725,502.2453,1714664820000,479,
502.33,502.34,502.18,502.315,59978,502.2419,1714664880000,657,
502.32,502.42,502.21,502.26,62337,502.2985,1714664940000,623,
502.2804,502.45,502.155,502.42,66668,502.2947,1714665000000,748,
502.43,502.74,502.345,502.73,99227,502.521,1714665060000,1063,
502.74,502.78,502.63,502.65,56744,502.704,1714665120000,665,
502.66,502.73,502.58,502.7,79797,502.6494,1714665180000,762,
502.7,502.84,502.68,502.79,43534,502.7653,1714665240000,631,
502.79,502.87,502.725,502.8399,39220,502.8164,1714665300000,581,
502.86,502.97,502.83,502.93,102162,502.8994,1714665360000,884,
502.93,502.98,502.82,502.87,79387,502.9094,1714665420000,901,
502.88,502.89,502.77,502.8501,88328,502.8303,1714665480000,768,
502.86,502.86,502.75,502.765,64898,502.7811,1714665540000,637,
502.77,502.86,502.58,502.73,116964,502.723,1714665600000,1116,
502.7551,502.79,502.6401,502.66,81536,502.7209,1714665660000,842,
502.66,502.79,502.62,502.73,50283,502.705,1714665720000,603,
502.73,502.74,502.57,502.68,81087,502.649,1714665780000,810,
502.68,502.72,502.53,502.71,82279,502.6216,1714665840000,841,
502.7076,502.73,502.56,502.58,75314,502.6429,1714665900000,671,
502.59,502.675,502.52,502.6311,89806,502.5908,1714665960000,870,
502.63,502.71,502.57,502.62,59617,502.6235,1714666020000,776,
502.62,502.68,502.48,502.49,100119,502.5651,1714666080000,1002,
502.49,502.58,502.18,502.26,156439,502.3421,1714666140000,1519,
502.26,502.34,502.19,502.26,97816,502.2602,1714666200000,1010,
502.26,502.27,501.865,502.1712,211601,502.0212,1714666260000,2023,
502.1767,502.2124,502.03,502.07,76402,502.1219,1714666320000,788,
502.06,502.24,501.98,502.205,121600,502.0768,1714666380000,1002,
502.2,502.2,501.84,501.92,89190,502.0134,1714666440000,915,
501.93,502.1,501.93,502.09,69822,502.0049,1714666500000,728,
502.09,502.09,501.74,501.81,147600,501.8982,1714666560000,1329,
501.81,501.94,501.7301,501.78,63910,501.8074,1714666620000,597,
501.78,501.87,501.69,501.85,58094,501.7965,1714666680000,652,
501.85,502.01,501.83,501.9,53064,501.9228,1714666740000,613,
501.88,502.02,501.7501,501.96,80584,501.8792,1714666800000,902,
501.95,501.99,501.83,501.86,52591,501.8976,1714666860000,590,
501.87,501.94,501.76,501.85,84654,501.8505,1714666920000,764,
501.85,502.13,501.83,502.1,69317,501.9887,1714666980000,751,
502.09,502.35,502.08,502.32,99083,502.2473,1714667040000,950,
502.31,502.4473,502.26,502.27,65444,502.318,1714667100000,627,
502.28,502.3212,502.19,502.19,66771,502.2538,1714667160000,651,
502.21,502.305,502.195,502.305,48704,502.2483,1714667220000,472,
502.31,502.39,502.12,502.3,88637,502.2516,1714667280000,785,
502.29,502.31,502.17,502.29,46231,502.2455,1714667340000,539,
502.29,502.32,501.8,501.82,92824,502.0596,1714667400000,904,
501.84,501.87,501.66,501.81,139756,501.7785,1714667460000,1322,
501.81,501.925,501.74,501.9101,62426,501.8402,1714667520000,509,
501.92,501.985,501.761,501.975,306477,500.625,1714667580000,597,
501.97,501.97,501.8095,501.87,56458,501.8673,1714667640000,507,
501.865,501.88,501.6,501.67,100920,501.712,1714667700000,850,
501.66,501.67,501.37,501.52,124374,501.4746,1714667760000,1176,
501.5398,501.62,501.32,501.59,112812,501.4453,1714667820000,899,
501.585,501.89,501.585,501.85,332872,500.7106,1714667880000,900,
501.855,502.13,501.775,502.05,130858,501.9826,1714667940000,1334,
502.057,502.21,502.03,502.15,82291,502.1249,1714668000000,890,
502.16,502.235,502.0918,502.21,69651,502.1714,1714668060000,617,
502.2,502.3,502.145,502.21,78909,502.2246,1714668120000,636,
502.22,502.3499,502.14,502.28,88795,502.2498,1714668180000,758,
502.3,502.385,502.25,502.29,47720,502.3033,1714668240000,581,
502.29,502.32,502.21,502.2799,33740,502.2767,1714668300000,556,
502.28,502.32,502.14,502.23,41863,502.1973,1714668360000,501,
502.22,502.335,502.115,502.335,75126,502.2246,1714668420000,628,
502.33,502.36,502.25,502.255,45908,502.3159,1714668480000,577,
502.23,502.385,502.23,502.33,62695,502.3387,1714668540000,497,
502.34,502.4,502.32,502.34,80913,502.3691,1714668600000,632,
502.3425,502.39,502.245,502.34,58170,502.3207,1714668660000,517,
502.35,502.475,502.319,502.475,66781,502.4011,1714668720000,640,
502.47,502.47,502.28,502.33,61715,502.3736,1714668780000,638,
502.315,502.39,502.11,502.205,94192,502.2293,1714668840000,704,
502.2,502.2,501.92,502.09,92842,502.0589,1714668900000,824,
502.08,502.23,502.045,502.14,68338,502.1155,1714668960000,670,
502.15,502.155,501.88,501.965,97273,501.9982,1714669020000,767,
501.9601,502.165,501.9601,502.1101,49344,502.0523,1714669080000,509,
502.13,502.32,502.1,502.295,66788,502.2038,1714669140000,640,
502.33,502.45,502.3,502.39,69236,502.4036,1714669200000,745,
502.38,502.46,502.345,502.42,58592,502.4001,1714669260000,560,
502.4,502.48,502.36,502.41,39331,502.4272,1714669320000,524,
502.415,502.48,502.38,502.4401,46032,502.4306,1714669380000,445,
502.44,502.55,502.4161,502.5,64724,502.4696,1714669440000,763,
502.49,502.68,502.445,502.465,160509,502.5729,1714669500000,1351,
502.465,502.8,502.37,502.7899,131476,502.5607,1714669560000,906,
502.7801,502.97,502.78,502.96,108284,502.8812,1714669620000,876,
502.95,502.95,502.82,502.8501,92811,502.8834,1714669680000,524,
502.85,502.91,502.825,502.87,67770,502.8656,1714669740000,563,
502.86,502.9,502.8,502.86,50878,502.8515,1714669800000,502,
502.87,502.91,502.79,502.91,64134,502.8608,1714669860000,655,
502.91,503.13,502.895,503.02,94025,502.9933,1714669920000,1031,
503.02,503.6,503.015,503.57,230638,503.3818,1714669980000,2118,
503.57,503.64,503.3901,503.4209,114594,503.5019,1714670040000,986,
503.425,503.65,503.34,503.6095,101873,503.509,1714670100000,863,
503.61,503.66,503.49,503.5,111286,503.572,1714670160000,921,
503.51,503.53,503.425,503.5299,74624,503.4773,1714670220000,624,
503.53,503.5399,503.45,503.4701,42181,503.4992,1714670280000,488,
503.475,503.52,503.33,503.36,65816,503.3863,1714670340000,825,
503.35,503.47,503.25,503.45,50841,503.3595,1714670400000,711,
503.44,503.45,503.315,503.3704,51931,503.3826,1714670460000,516,
503.37,503.4699,503.33,503.46,66357,503.4267,1714670520000,436,
503.4503,503.54,503.39,503.52,48564,503.4905,1714670580000,495,
503.5198,503.72,503.45,503.6799,90520,503.5748,1714670640000,957,
503.665,503.73,503.54,503.59,64237,503.6292,1714670700000,697,
503.58,503.63,503.54,503.59,33909,503.5896,1714670760000,418,
503.56,503.84,503.56,503.8,54740,503.7261,1714670820000,627,
503.8,504.05,503.71,503.99,141533,503.9029,1714670880000,1316,
503.9899,504.14,503.93,504.1199,146993,504.0183,1714670940000,1220,
504.12,504.27,504.115,504.25,101334,504.1884,1714671000000,1245,
504.2491,504.38,504.09,504.0908,86884,504.2641,1714671060000,1038,
504.08,504.11,503.81,503.88,178189,503.9385,1714671120000,1406,
503.89,503.98,503.695,503.7499,106658,503.8243,1714671180000,945,
503.76,503.78,503.62,503.7,100122,503.6882,1714671240000,1025,
503.7076,503.7899,503.4,503.4176,154582,503.5651,1714671300000,1538,
503.42,503.58,503.3887,503.55,136737,503.4876,1714671360000,1192,
503.53,503.8699,503.5,503.8301,78571,503.717,1714671420000,829,
503.84,503.9,503.785,503.84,43732,503.8414,1714671480000,497,
503.84,503.84,503.69,503.7089,49963,503.756,1714671540000,512,
503.72,503.77,503.645,503.7,83680,503.6901,1714671600000,740,
503.679,503.72,503.46,503.47,139060,503.581,1714671660000,1076,
503.47,503.79,503.47,503.705,98662,503.6667,1714671720000,759,
503.7,503.8799,503.67,503.86,80435,503.7547,1714671780000,674,
503.86,503.97,503.83,503.89,41650,503.8932,1714671840000,493,
503.9,503.94,503.78,503.795,79865,503.8393,1714671900000,650,
503.785,503.87,503.72,503.8662,76468,503.8105,1714671960000,462,
503.87,504.0661,503.82,504.0075,64209,503.969,1714672020000,746,
504,504.06,503.81,504,113538,503.9124,1714672080000,760,
503.99,503.99,503.7,503.76,96485,503.7969,1714672140000,730,
503.74,503.945,503.74,503.945,41437,503.8139,1714672200000,476,
503.93,503.94,503.78,503.8224,31820,503.8785,1714672260000,417,
503.83,503.9399,503.735,503.915,74254,503.8007,1714672320000,643,
503.92,503.95,503.86,503.89,56796,503.9042,1714672380000,545,
503.9,503.9,503.595,503.595,79711,503.6836,1714672440000,725,
503.61,503.87,503.59,503.815,144972,503.7017,1714672500000,1158,
503.82,503.93,503.82,503.9,130232,503.8938,1714672560000,1105,
503.9,503.99,503.82,503.89,75181,503.9028,1714672620000,873,
503.88,504.01,503.825,503.875,49759,503.9043,1714672680000,647,
503.88,503.89,503.765,503.85,62323,503.8215,1714672740000,597,
503.86,503.91,503.68,503.91,82359,503.7764,1714672800000,848,
503.91,503.915,503.72,503.84,71393,503.8433,1714672860000,721,
503.845,504.005,503.815,503.935,45117,503.9022,1714672920000,592,
503.93,504.095,503.89,503.96,79020,504.0023,1714672980000,861,
503.97,504.21,503.96,504.13,119923,504.1141,1714673040000,1160,
504.13,504.2,503.965,504.13,101171,504.0908,1714673100000,957,
504.15,504.335,504.15,504.21,108737,504.253,1714673160000,993,
504.21,504.39,504.18,504.31,85289,504.2856,1714673220000,763,
504.3,504.54,504.27,504.51,85449,504.4147,1714673280000,958,
504.5,504.65,504.42,504.5,109771,504.5108,1714673340000,1023,
504.48,504.7,504.4,504.42,100373,504.5783,1714673400000,1020,
504.4276,504.47,504.27,504.31,106361,504.4054,1714673460000,1131,
504.33,504.48,504.32,504.39,98541,504.3734,1714673520000,963,
504.4,504.5,504.3276,504.33,57042,504.4,1714673580000,677,
504.35,504.47,504.31,504.36,56955,504.3889,1714673640000,674,
504.36,504.475,504.35,504.4,59763,504.3943,1714673700000,711,
504.41,504.48,504.34,504.48,65056,504.4025,1714673760000,672,
504.49,504.5,503.97,504.02,160178,504.1546,1714673820000,1660,
504.03,504.14,503.96,504.14,102923,504.0371,1714673880000,1110,
504.17,504.22,504.08,504.12,81413,504.131,1714673940000,736,
504.1201,504.21,504.0401,504.18,84212,504.1123,1714674000000,872,
504.17,504.17,503.98,504.0087,115746,504.0471,1714674060000,887,
504.03,504.14,503.98,504.06,63015,504.0509,1714674120000,615,
504.08,504.22,503.9812,504.185,104575,504.1489,1714674180000,907,
504.18,504.24,504.12,504.24,52233,504.1734,1714674240000,554,
504.25,504.36,504.18,504.313,138789,504.2555,1714674300000,960,
504.33,504.41,504.25,504.365,98216,504.3209,1714674360000,733,
504.38,504.4891,504.3769,504.4891,63725,504.4347,1714674420000,714,
504.5,504.52,504.27,504.325,92773,504.4051,1714674480000,702,
504.3379,504.5,504.32,504.5,80633,504.4225,1714674540000,760,
504.5,504.6,504.395,504.59,82474,504.4945,1714674600000,799,
504.5849,504.59,504.43,504.52,83564,504.5377,1714674660000,774,
504.53,504.72,504.5,504.66,98631,504.598,1714674720000,924,
504.67,504.95,504.66,504.84,123598,504.8379,1714674780000,1269,
504.8303,504.87,504.74,504.82,138891,504.7947,1714674840000,949,
504.81,504.94,504.8,504.91,139225,504.884,1714674900000,1240,
504.91,505.04,504.9,504.99,149099,504.9639,1714674960000,1705,
504.99,504.99,504.8,504.88,203231,504.9179,1714675020000,1809,
504.89,504.92,504.8001,504.89,171637,504.8661,1714675080000,2044,
504.9,504.915,504.82,504.8312,65319,504.8773,1714675140000,771,
504.8401,504.95,504.745,504.89,164686,504.8628,1714675200000,1745,
504.885,504.99,504.8299,504.99,73752,504.9102,1714675260000,759,
504.9801,505.01,504.795,504.87,141669,504.8736,1714675320000,1178,
504.88,504.88,504.69,504.7399,144644,504.7571,1714675380000,1286,
504.73,504.77,504.61,504.75,194865,504.6667,1714675440000,1761,
504.7599,504.8363,504.595,504.7,120174,504.6888,1714675500000,1144,
504.71,504.95,504.71,504.92,111876,504.8649,1714675560000,988,
504.94,505.18,504.9201,505.09,144854,505.084,1714675620000,1408,
505.1,505.22,505.07,505.22,70816,505.1497,1714675680000,815,
505.24,505.28,505.0601,505.13,161384,505.1454,1714675740000,1601,
505.13,505.2199,505.08,505.2,129951,505.1371,1714675800000,812,
505.2,505.21,505.075,505.1642,105791,505.1306,1714675860000,780,
505.16,505.21,505.065,505.1201,76748,505.122,1714675920000,779,
505.13,505.54,505.1,505.52,195612,505.3443,1714675980000,1607,
505.53,505.63,505.14,505.18,209972,505.3947,1714676040000,1984,
505.2,505.4,505.2,505.2901,224786,505.2709,1714676100000,1501,
505.31,505.43,505.29,505.42,92063,505.3549,1714676160000,891,
505.42,505.44,505.31,505.4199,74354,505.3771,1714676220000,898,
505.42,505.565,505.38,505.51,106235,505.4788,1714676280000,1013,
505.5,505.55,505.3,505.45,138582,505.4208,1714676340000,1226,
505.46,505.49,505.38,505.4,110203,505.4313,1714676400000,1286,
505.41,505.49,505.18,505.215,326612,505.3797,1714676460000,2532,
505.2297,505.25,504.94,505.08,300391,505.0576,1714676520000,2521,
505.08,505.16,504.81,504.89,249249,504.931,1714676580000,2276,
504.89,505.18,504.855,505.18,232871,504.9369,1714676640000,1701,
505.2,505.46,505.165,505.4,119610,505.302,1714676700000,1315,
505.3998,505.59,505.39,505.39,189522,505.4919,1714676760000,1431,
505.4,505.455,505.29,505.4,138933,505.3748,1714676820000,1184,
505.41,505.6199,505.36,505.58,99349,505.534,1714676880000,950,
505.6,505.74,505.5602,505.735,154183,505.6699,1714676940000,1296,
505.7402,505.89,505.675,505.775,207666,505.7765,1714677000000,1894,
505.765,505.84,505.58,505.58,228230,505.7477,1714677060000,1636,
505.57,505.58,504.97,505.13,277021,505.2878,1714677120000,2631,
505.14,505.35,505.08,505.18,177143,505.2413,1714677180000,1314,
505.18,505.26,505.07,505.19,94999,505.1905,1714677240000,859,
505.2,505.38,505.11,505.33,124306,505.2486,1714677300000,1229,
505.34,505.48,505.31,505.43,85364,505.3887,1714677360000,1042,
505.42,505.44,505.1,505.105,148869,505.2805,1714677420000,1362,
505.105,505.185,504.92,505.02,140186,505.0565,1714677480000,1427,
505.03,505.12,504.9499,505.09,96833,505.0368,1714677540000,1026,
505.1,505.32,505.01,505.32,87364,505.1524,1714677600000,1033,
505.3,505.5,505.26,505.46,81505,505.3901,1714677660000,973,
505.46,505.6,505.4502,505.4901,126656,505.5112,1714677720000,985,
505.5,505.6592,505.48,505.501,96906,505.5771,1714677780000,904,
505.495,505.56,505.335,505.5,116155,505.4294,1714677840000,1099,
505.49,505.55,505.3,505.41,125873,505.4286,1714677900000,1022,
505.41,505.48,505.335,505.44,348494,501.7525,1714677960000,965,
505.45,505.58,505.4339,505.465,336855,501.6477,1714678020000,886,
505.47,505.5497,505.37,505.5,90979,505.4563,1714678080000,718,
505.49,505.52,505.3,505.3199,80015,505.4042,1714678140000,922,
505.31,505.31,505.115,505.2,175435,505.1828,1714678200000,1758,
505.21,505.3999,505.1701,505.2491,174490,505.2738,1714678260000,1764,
505.24,505.24,504.9484,505.07,176202,505.0697,1714678320000,1644,
505.07,505.08,504.78,504.85,228393,504.9037,1714678380000,2075,
504.84,504.87,504.64,504.645,298478,504.7556,1714678440000,2486,
504.65,504.74,504.155,504.51,395987,504.5018,1714678500000,3370,
504.54,504.59,504.175,504.34,230319,504.3201,1714678560000,1936,
504.34,504.72,504.2,504.65,251443,504.4003,1714678620000,2327,
504.67,504.72,504.44,504.59,146376,504.579,1714678680000,1594,
504.58,504.67,504.465,504.5,126348,504.548,1714678740000,1164,
504.52,504.65,504.43,504.52,181624,504.5392,1714678800000,1508,
504.535,504.535,504.13,504.24,178361,504.3661,1714678860000,1779,
504.25,504.42,504.07,504.39,189251,504.2234,1714678920000,1569,
504.4,504.4,504.17,504.27,163049,504.266,1714678980000,1480,
504.27,504.38,504.1296,504.1296,136759,504.2336,1714679040000,1463,
504.12,504.25,503.86,504.12,570930,502.4251,1714679100000,3020,
504.11,504.51,504.1001,504.49,237967,504.3987,1714679160000,2632,
504.49,504.51,504.29,504.38,207814,504.3759,1714679220000,1901,
504.37,504.405,504.26,504.39,104591,504.3333,1714679280000,1296,
504.38,504.47,504.19,504.4,199352,504.3596,1714679340000,1857,
504.39,504.5,504.09,504.22,330423,504.3021,1714679400000,3322,
504.22,504.3699,504.095,504.285,215328,504.2173,1714679460000,1994,
504.29,504.465,504.21,504.414,180497,504.3306,1714679520000,1968,
504.41,504.41,504.18,504.35,213369,504.2923,1714679580000,1994,
504.34,504.405,504.175,504.21,300421,504.2927,1714679640000,2698,
504.23,504.475,504.075,504.45,387064,504.2869,1714679700000,3324,
504.46,504.59,504.36,504.58,300343,504.4531,1714679760000,2498,
504.58,504.58,504.42,504.495,366381,504.4721,1714679820000,2844,
504.48,504.5,504.21,504.4,846201,503.1432,1714679880000,4658,
504.45,505.13,504.395,505.02,2788988.0,504.4347,1714679940000,13663,
504.99,505.53,504.83,505.5,790992,502.0748,1714680000000,975,
505.52,505.67,505.3,505.46,148570,505.4823,1714680060000,527,
505.5,505.55,505.38,505.45,60079,505.4611,1714680120000,299,
505.48,505.55,505.37,505.4,153350,504.5946,1714680180000,340,
505.48,505.5,505.37,505.45,74764,505.4126,1714680240000,363,
505.45,505.45,505.19,505.23,16206,505.2816,1714680300000,126,
505.21,505.21,505,505.03,49374,505.0884,1714680360000,213,
505.03,505.16,505.02,505.12,46608,505.1013,1714680420000,157,
505.15,505.15,505.01,505.1,309772,501.2363,1714680480000,182,
505.17,505.24,505.15,505.2,907513,504.9395,1714680540000,94,
505.17,505.24,505.05,505.05,39703,505.1787,1714680600000,168,
505.07,505.07,504.99,505.01,38400,505.0068,1714680660000,133,
505.01,505.05,504.94,504.96,45033,504.9874,1714680720000,149,
504.96,505.07,504.95,505.06,6448,505.0162,1714680780000,59,
505.06,505.06,504.98,505.03,38831,505.0078,1714680840000,289,
505.05,505.06,504.96,504.96,12162,505.0171,1714680900000,67,
504.94,504.94,504.78,504.78,18102,504.8967,1714680960000,97,
504.86,505.2,504.83,504.92,98224,504.9593,1714681020000,272,
504.92,504.92,504.85,504.88,32679,504.871,1714681080000,100,
504.9,504.96,504.78,504.78,279599,500.8019,1714681140000,103,
504.76,504.87,504.76,504.87,6910,504.8047,1714681200000,49,
504.88,504.98,504.87,504.93,56998,504.924,1714681260000,158,
504.89,504.94,504.88,504.94,6849,504.9144,1714681320000,29,
504.94,505,504.94,504.98,7019,504.9524,1714681380000,39,
504.98,504.98,504.91,504.91,3268,504.9558,1714681440000,22,
504.95,504.96,504.91,504.95,23215,504.9214,1714681500000,82,
504.95,504.96,504.92,504.95,2122,504.9506,1714681560000,26,
504.95,504.97,504.95,504.97,1465,504.9641,1714681620000,17,
504.98,505.1,504.95,505.1,4870,505.0001,1714681680000,41,
505.11,505.11,504.99,504.99,45575,505.0099,1714681740000,88,
504.93,506.85,504.7,506.24,70618,506.0207,1714681800000,554,
506.19,506.5,506.08,506.33,44459,506.311,1714681860000,269,
506.4,506.43,506.22,506.26,56255,506.3178,1714681920000,255,
506.27,506.3,506.09,506.2,21720,506.1592,1714681980000,124,
506.27,506.39,506.12,506.12,27356,506.3104,1714682040000,167,
506.12,506.3,505.99,506.23,10562,506.1094,1714682100000,101,
506.2504,506.31,506.07,506.2,31388,506.1825,1714682160000,120,
506.22,506.22,506.12,506.12,7923,506.186,1714682220000,64,
506.13,506.17,506.1,506.1,11059,506.1251,1714682280000,60,
506.06,506.18,506.02,506.18,30996,506.0674,1714682340000,95,
506.17,506.3,506.17,506.3,19667,506.2432,1714682400000,74,
506.32,506.56,506.31,506.56,27944,506.4367,1714682460000,112,
506.56,506.75,506.55,506.69,31368,506.651,1714682520000,114,
506.68,506.91,506.67,506.79,29557,506.7885,1714682580000,144,
506.79,507,506.79,507,13525,506.9263,1714682640000,136,
506.99,507.08,506.89,507,22771,506.945,1714682700000,121,
506.98,506.98,506.82,506.94,8072,506.9224,1714682760000,60,
506.86,506.88,506.79,506.88,5343,506.8284,1714682820000,52,
506.86,506.88,506.8,506.81,48939,506.8343,1714682880000,137,
506.84,506.94,506.76,506.79,11012,506.8295,1714682940000,88,
506.79,506.79,506.7,506.74,10945,506.7413,1714683000000,60,
506.75,506.92,506.75,506.89,15937,506.8668,1714683060000,83,
506.86,506.98,506.86,506.96,17770,506.9538,1714683120000,102,
506.91,506.98,506.76,506.78,8069,506.8652,1714683180000,52,
506.75,506.83,506.75,506.79,11066,506.7688,1714683240000,56,
506.79,506.81,506.75,506.81,14581,506.7786,1714683300000,84,
506.84,506.88,506.75,506.78,14936,506.8136,1714683360000,89,
506.7618,506.86,506.7618,506.86,7155,506.832,1714683420000,37,
506.85,506.85,506.78,506.85,3752,506.8406,1714683480000,34,
506.88,506.92,506.88,506.89,8818,506.8884,1714683540000,80,
506.9,506.9,506.85,506.9,5695,506.8931,1714683600000,33,
506.89,506.89,506.85,506.88,5296,506.8817,1714683660000,38,
506.85,506.85,506.84,506.84,575,506.8481,1714683720000,30,
506.8,506.85,506.8,506.85,643,506.8255,1714683780000,24,
506.85,506.87,506.85,506.87,1498,506.8386,1714683840000,42,
506.809,506.81,506.78,506.78,1991,506.7904,1714683900000,40,
506.79,506.79,506.7,506.76,3217,506.7563,1714683960000,58,
506.76,506.76,506.76,506.76,2318,506.7602,1714684020000,23,
506.76,506.76,506.76,506.76,2699,506.7601,1714684080000,37,
506.76,506.76,506.6,506.6,9296,506.6787,1714684140000,49,
506.65,506.69,506.6,506.6,52724,505.1263,1714684200000,21,
506.5,506.55,506.5,506.54,4533,506.5356,1714684260000,42,
506.55,506.55,506.5,506.55,6508,506.5478,1714684380000,47,
506.57,506.58,506.54,506.54,8907,506.5643,1714684440000,53,
506.5,506.55,506.47,506.5,5954,506.5018,1714684500000,31,
506.48,506.48,506.48,506.48,613,506.4803,1714684560000,15,
506.48,506.48,506.45,506.48,5057,506.4709,1714684680000,19,
506.41,506.41,506.4,506.4,386,506.4092,1714684740000,14,
506.45,506.65,506.4,506.65,7213,506.481,1714684800000,35,
506.62,506.62,506.46,506.46,5539,506.5041,1714684860000,29,
506.5,506.63,506.5,506.63,4843,506.5743,1714684920000,60,
506.65,506.65,506.65,506.65,441,506.6131,1714684980000,27,
506.6,506.61,506.6,506.61,10448,506.6048,1714685100000,33,
506.61,506.66,506.6,506.66,2721,506.6464,1714685160000,35,
506.66,506.66,506.66,506.66,594,506.6497,1714685220000,31,
506.63,506.63,506.63,506.63,434,506.6437,1714685280000,32,
506.65,506.65,506.65,506.65,1647,506.6487,1714685340000,35,
506.68,506.68,506.68,506.68,271,506.6784,1714685400000,13,
506.6305,506.6305,506.6305,506.6305,208,506.6313,1714685460000,9,
506.63,506.63,506.63,506.63,211,506.6324,1714685520000,19,
506.63,506.63,505.75,506.49,16557,506.2937,1714685700000,104,
506.33,506.46,506.27,506.35,5462,506.32,1714685760000,67,
506.31,506.32,506.27,506.27,3289,506.2977,1714685820000,26,
506.31,506.31,506.31,506.31,460,506.3169,1714685880000,20,
506.36,506.36,506.36,506.36,650,506.3608,1714685940000,11,
506.31,506.31,506.2,506.27,9859,506.2289,1714686120000,56,
506.21,506.21,506.2,506.2,8052,506.2015,1714686180000,23,
506.25,506.25,506.25,506.25,597,506.2558,1714686240000,16,
506.286,506.3,506.286,506.3,598,506.2962,1714686300000,21,
506.3,506.3,506.3,506.3,172,506.3007,1714686360000,8,
506.29,506.3,506.25,506.25,1419,506.2811,1714686420000,15,
506.35,506.4,506.35,506.4,1811,506.3889,1714686480000,26,
506.4,506.43,506.4,506.43,1485,506.4182,1714686540000,14,
506.43,506.43,506.43,506.43,449,506.4337,1714686600000,15,
506.48,506.48,506.48,506.48,991,506.4735,1714686660000,24,
506.49,506.49,506.49,506.49,554,506.4898,1714686720000,12,
506.49,506.49,506.49,506.49,374,506.5196,1714686780000,21,
506.49,506.49,506.49,506.49,330,506.495,1714686840000,15,
506.57,506.66,506.57,506.66,5618,506.6284,1714686900000,52,
506.68,506.69,506.68,506.69,1573,506.6852,1714686960000,29,
506.7,506.7,506.67,506.7,4364,506.6927,1714687020000,47,
506.7,506.7,506.66,506.67,3680,506.6774,1714687080000,29,
506.7,506.74,506.69,506.74,9120,506.7072,1714687140000,72,
506.67,506.75,506.44,506.53,15602,506.6478,1714687200000,74,
506.56,506.61,506.56,506.61,8052,506.5882,1714687260000,33,
506.47,506.47,506.42,506.42,5072,506.4425,1714687320000,26,
506.46,506.51,506.43,506.43,14236,506.485,1714687380000,46,
506.49,506.49,506.45,506.45,988,506.4839,1714687440000,14,
506.53,506.53,506.48,506.5,4616,506.5004,1714687500000,18,
506.52,506.57,506.431,506.431,9282,506.4981,1714687560000,32,
506.41,506.41,506.41,506.41,1239,506.3978,1714687620000,17,
506.31,506.37,506.3,506.37,2932,506.3164,1714687680000,20,
506.4,506.43,506.4,506.43,427,506.4106,1714687740000,14,
506.44,506.45,506.4,506.4,2077,506.4307,1714687800000,18,
506.46,506.49,506.46,506.49,720,506.482,1714687860000,16,
506.47,506.49,506.47,506.49,860,506.4924,1714687920000,28,
506.5,506.57,506.5,506.57,1797,506.5662,1714687980000,14,
506.65,506.7,506.631,506.631,5626,506.6679,1714688040000,35,
506.66,506.97,506.66,506.95,7012,506.8351,1714688100000,76,
507,507.53,507,507.2,20349,507.22,1714688160000,144,
507.14,507.17,507.01,507.01,5875,507.1146,1714688220000,50,
506.96,507.14,506.96,507.09,4045,507.0648,1714688280000,26,
507.07,507.1,506.91,506.91,7684,506.9405,1714688340000,44,
506.92,506.92,506.83,506.84,6179,506.8501,1714688400000,25,
506.84,506.94,506.84,506.94,5012,506.864,1714688460000,25,
506.69,506.69,506.69,506.69,495,506.7043,1714688640000,26,
506.76,506.85,506.6,506.6,4426,506.7873,1714688700000,36,
506.6,506.6,506.6,506.6,296,506.6047,1714688760000,19,
506.61,506.61,506.61,506.61,974,506.6185,1714688820000,13,
506.65,506.65,506.65,506.65,440,506.6503,1714688940000,19,
506.6,506.61,506.599,506.61,416,506.6019,1714689000000,22,
506.5,506.5,506.5,506.5,1125,506.5066,1714689060000,25,
506.54,506.54,506.52,506.52,930,506.5294,1714689120000,25,
506.45,506.45,506.38,506.38,558,506.3969,1714689180000,21,
506.31,506.31,506.29,506.29,5033,506.3005,1714689240000,24,
506.29,506.29,506.29,506.29,381,506.2807,1714689420000,11,
506.311,506.39,506.311,506.39,893,506.3431,1714689540000,12,
506.43,506.43,506.43,506.43,200,506.4217,1714689600000,18,
506.35,506.35,506.35,506.35,578,506.3549,1714689780000,14,
506.34,506.34,506.33,506.33,743,506.3347,1714689960000,14,
506.3,506.31,506.3,506.31,480,506.295,1714690140000,12,
506.28,506.28,506.26,506.26,409,506.2728,1714690200000,14,
506.34,506.34,506.34,506.34,339,506.349,1714690320000,7,
506.3,506.3,506.3,506.3,161,506.2994,1714690380000,7,
506.32,506.32,506.31,506.31,4154,506.3159,1714690440000,16,
506.37,506.37,506.37,506.37,525,506.3693,1714690560000,8,
506.41,506.41,506.41,506.41,199,506.3862,1714690740000,12,
506.27,506.27,506.27,506.27,115,506.2736,1714690920000,5,
506.38,506.38,506.38,506.38,218,506.3648,1714690980000,6,
506.3498,506.3498,506.34,506.34,335,506.3425,1714691100000,12,
506.34,506.37,506.31,506.34,5102,506.3435,1714691280000,31,
506.4,506.44,506.4,506.44,3708,506.431,1714691400000,20,
506.39,506.4,506.38,506.38,2039,506.3881,1714691460000,14,
506.37,506.37,506.37,506.37,452,506.3739,1714691520000,13,
506.31,506.59,506.31,506.59,2284,506.4462,1714691640000,27,
506.58,506.58,506.44,506.44,846,506.4626,1714691700000,15,
506.39,506.39,506.38,506.38,217,506.3843,1714691880000,10,
506.38,506.38,506.33,506.33,323,506.3568,1714692000000,12,
506.32,506.32,506.27,506.29,980,506.2875,1714692060000,18,
506.33,506.33,506.33,506.33,1085,506.3326,1714692120000,7,
506.38,506.39,506.35,506.39,1351,506.3681,1714692180000,14,
506.37,506.37,506.36,506.36,1111,506.3693,1714692240000,13,
506.33,506.33,506.33,506.33,734,506.3292,1714692300000,12,
506.33,506.35,506.33,506.33,762,506.3336,1714692360000,7,
506.36,506.36,506.33,506.33,560,506.3453,1714692420000,11,
506.36,506.36,506.36,506.36,354,506.3414,1714692480000,10,
506.35,506.38,506.34,506.38,3444,506.3561,1714692600000,24,
506.37,506.38,506.35,506.37,1462,506.3681,1714692660000,10,
506.4,506.42,506.4,506.42,308,506.4069,1714692720000,6,
506.39,506.39,506.38,506.38,228,506.3854,1714692840000,12,
506.37,506.37,506.36,506.36,893,506.3656,1714692900000,17,
506.37,506.37,506.37,506.37,351,506.3727,1714692960000,8,
506.38,506.38,506.36,506.36,204,506.37,1714693020000,6,
506.4,506.4,506.4,506.4,339,506.4059,1714693260000,8,
506.38,506.38,506.38,506.38,246,506.3911,1714693320000,5,
506.38,506.39,506.38,506.39,871,506.3884,1714693380000,7,
506.36,506.37,506.35,506.36,1660,506.3615,1714693500000,14,
506.42,506.42,506.42,506.42,125,506.4119,1714693620000,8,
506.42,506.42,506.42,506.42,475,506.4324,1714693680000,11,
506.44,506.44,506.44,506.44,454,506.4427,1714693800000,10,
506.45,506.45,506.45,506.45,191,506.4497,1714693860000,12,
506.42,506.45,506.42,506.45,1029,506.4353,1714693920000,13,
506.49,506.54,506.49,506.54,1164,506.5134,1714693980000,16,
506.53,506.53,506.53,506.53,2157,506.5303,1714694100000,15,
506.51,506.51,506.49,506.49,1314,506.4982,1714694160000,17,
506.48,506.48,506.48,506.48,302,506.4823,1714694280000,15,
506.49,506.5,506.48,506.49,1676,506.49,1714694340000,24,
